Campionato;Categoria;Girone;Giornata_Num;Giornata_Titolo;Data;Ora;Casa;Ospiti;Gol_Casa;Gol_Ospiti;Stato;Marcatori_Casa;Marcatori_Ospiti;Link
"Promozione Toscana - Girone C";"Promozione";"Girone C";1;"1° Giornata";"2026-09-13";"15:30";"Acquaviva";"Resco Reggello";0;1;"FINISHED";"";"E. Focardi (27' pt)";"https://www.tuttocampo.it/Toscana/Promozione/GironeC/Partita/1.1/acquaviva-resco-reggello"
"Promozione Toscana - Girone C";"Promozione";"Girone C";1;"1° Giornata";"2026-09-13";"15:30";"AG Dicomano";"Affrico";0;3;"FINISHED";"";"G. Tomeo, F. Tanini, G. Grillo";"https://www.tuttocampo.it/Toscana/Promozione/GironeC/Partita/1.2/ag-dicomano-affrico"
"Promozione Toscana - Girone C";"Promozione";"Girone C";1;"1° Giornata";"2026-09-13";"15:30";"Audace Galluzzo";"Alberoro 1977";1;2;"FINISHED";"A. Rachidi (Rig.) (29' st)";"K. Alomar, E. Braccalenti (27' st)";"https://www.tuttocampo.it/Toscana/Promozione/GironeC/Partita/1.3/audace-galluzzo-alberoro-1977"
"Promozione Toscana - Girone C";"Promozione";"Girone C";1;"1° Giornata";"2026-09-13";"15:30";"Casentino";"Sinalunghese";2;3;"FINISHED";"N. Lucci (35' st), N. Lucci (39' st)";"M. Tomberli (14' pt), M. Tomberli (22' pt), D. Bucaletti (45' pt)";"https://www.tuttocampo.it/Toscana/Promozione/GironeC/Partita/1.4/casentino-sinalunghese"
"Promozione Toscana - Girone C";"Promozione";"Girone C";1;"1° Giornata";"2026-09-13";"15:30";"Centro Storico Lebowski";"Nuova Foiano";1;0;"FINISHED";"G. Vangi (9' st)";"";"https://www.tuttocampo.it/Toscana/Promozione/GironeC/Partita/1.5/centro-storico-lebowski-nuova-foiano"
"Promozione Toscana - Girone C";"Promozione";"Girone C";1;"1° Giornata";"2026-09-13";"15:30";"Cortona Camucia Calcio";"Settignanese";1;1;"FINISHED";"Seck (5' st)";"L. Cenni (25' pt)";"https://www.tuttocampo.it/Toscana/Promozione/GironeC/Partita/1.6/cortona-camucia-calcio-settignanese"
"Promozione Toscana - Girone C";"Promozione";"Girone C";1;"1° Giornata";"2026-09-13";"15:30";"Cubino";"Pontassieve";0;4;"FINISHED";"";"T. Lunghi (7' pt), A. Cragno (28' pt), G. Calosi (43' st), G. Calosi (47' st)";"https://www.tuttocampo.it/Toscana/Promozione/GironeC/Partita/1.7/cubino-pontassieve"
"Promozione Toscana - Girone C";"Promozione";"Girone C";1;"1° Giornata";"2026-09-13";"15:30";"Montagnano 1966";"Ideal Club Incisa";2;0;"FINISHED";"B. Acosty (13' pt), G. Oliveros (31' st)";"";"https://www.tuttocampo.it/Toscana/Promozione/GironeC/Partita/1.8/montagnano-1966-ideal-club-incisa"
"Promozione Toscana - Girone C";"Promozione";"Girone C";2;"2° Giornata";"2026-09-20";"15:30";"Affrico";"Acquaviva";1;0;"FINISHED";"M. Rocchini (8' pt)";"";"https://www.tuttocampo.it/Toscana/Promozione/GironeC/Partita/2.1/affrico-acquaviva"
"Promozione Toscana - Girone C";"Promozione";"Girone C";2;"2° Giornata";"2026-09-20";"15:30";"Alberoro 1977";"Centro Storico Lebowski";2;0;"FINISHED";"T. Scatizzi (24' pt), T. Scatizzi (44' st)";"";"https://www.tuttocampo.it/Toscana/Promozione/GironeC/Partita/2.2/alberoro-1977-centro-storico-lebowski"
"Promozione Toscana - Girone C";"Promozione";"Girone C";2;"2° Giornata";"2026-09-20";"15:30";"Ideal Club Incisa";"Audace Galluzzo";0;2;"FINISHED";"";"P. Turini (57' pt), P. Turini (30' st)";"https://www.tuttocampo.it/Toscana/Promozione/GironeC/Partita/2.3/ideal-club-incisa-audace-galluzzo"
"Promozione Toscana - Girone C";"Promozione";"Girone C";2;"2° Giornata";"2026-09-20";"15:30";"Nuova Foiano";"Cubino";4;1;"FINISHED";"F. Lombardi (12' pt), M. Guidarelli (13' st), G. Guerrini (24' st), G. Guerrini (27' st)";"M. Fabbrini (6' st)";"https://www.tuttocampo.it/Toscana/Promozione/GironeC/Partita/2.4/nuova-foiano-cubino"
"Promozione Toscana - Girone C";"Promozione";"Girone C";2;"2° Giornata";"2026-09-20";"15:30";"Pontassieve";"Casentino";0;1;"FINISHED";"";"R. Croci (18' st)";"https://www.tuttocampo.it/Toscana/Promozione/GironeC/Partita/2.5/pontassieve-casentino"
"Promozione Toscana - Girone C";"Promozione";"Girone C";2;"2° Giornata";"2026-09-20";"15:30";"Resco Reggello";"Cortona Camucia Calcio";0;0;"FINISHED";"";"";"https://www.tuttocampo.it/Toscana/Promozione/GironeC/Partita/2.6/resco-reggello-cortona-camucia-calcio"
"Promozione Toscana - Girone C";"Promozione";"Girone C";2;"2° Giornata";"2026-09-20";"15:30";"Settignanese";"Montagnano 1966";0;2;"FINISHED";"";"L. Romanò (5' pt), N. Borghesi (35' st)";"https://www.tuttocampo.it/Toscana/Promozione/GironeC/Partita/2.7/settignanese-montagnano-1966"
"Promozione Toscana - Girone C";"Promozione";"Girone C";2;"2° Giornata";"2026-09-20";"15:30";"Sinalunghese";"AG Dicomano";1;0;"FINISHED";"Y. Palazzesi (12' st)";"";"https://www.tuttocampo.it/Toscana/Promozione/GironeC/Partita/2.8/sinalunghese-ag-dicomano"
"Promozione Toscana - Girone C";"Promozione";"Girone C";3;"3° Giornata";"2026-09-26";"15:30";"Cortona Camucia Calcio";"Montagnano 1966";0;3;"FINISHED";"";"G. Oliveros (Rig.) (1' st), C. Torzoni (7' st), L. Romanò (44' st)";"https://www.tuttocampo.it/Toscana/Promozione/GironeC/Partita/3.6/cortona-camucia-calcio-montagnano-1966"
"Promozione Toscana - Girone C";"Promozione";"Girone C";3;"3° Giornata";"2026-09-27";"15:30";"Acquaviva";"Settignanese";1;0;"FINISHED";"L. D'Antonio (19' pt)";"";"https://www.tuttocampo.it/Toscana/Promozione/GironeC/Partita/3.1/acquaviva-settignanese"
"Promozione Toscana - Girone C";"Promozione";"Girone C";3;"3° Giornata";"2026-09-27";"15:30";"AG Dicomano";"Resco Reggello";1;0;"FINISHED";"G. Minischetti (23' st)";"";"https://www.tuttocampo.it/Toscana/Promozione/GironeC/Partita/3.2/ag-dicomano-resco-reggello"
"Promozione Toscana - Girone C";"Promozione";"Girone C";3;"3° Giornata";"2026-09-27";"15:30";"Audace Galluzzo";"Nuova Foiano";2;1;"FINISHED";"D. Rosi (7' pt), E. Di Biasi (26' st)";"F. Lombardi (Rig.) (32' st)";"https://www.tuttocampo.it/Toscana/Promozione/GironeC/Partita/3.3/audace-galluzzo-nuova-foiano"
"Promozione Toscana - Girone C";"Promozione";"Girone C";3;"3° Giornata";"2026-09-27";"15:30";"Casentino";"Affrico";1;0;"FINISHED";"R. Croci (40' st)";"";"https://www.tuttocampo.it/Toscana/Promozione/GironeC/Partita/3.4/casentino-affrico"
"Promozione Toscana - Girone C";"Promozione";"Girone C";3;"3° Giornata";"2026-09-27";"15:30";"Centro Storico Lebowski";"Pontassieve";0;2;"FINISHED";"";"M. Gori (21' pt), N. Patrignani (26' st)";"https://www.tuttocampo.it/Toscana/Promozione/GironeC/Partita/3.5/centro-storico-lebowski-pontassieve"
"Promozione Toscana - Girone C";"Promozione";"Girone C";3;"3° Giornata";"2026-09-27";"15:30";"Cubino";"Sinalunghese";1;2;"FINISHED";"M. Bettazzi (50' st)";"D. Bucaletti (23' pt), L. Mazza (46' st)";"https://www.tuttocampo.it/Toscana/Promozione/GironeC/Partita/3.7/cubino-sinalunghese"
"Promozione Toscana - Girone C";"Promozione";"Girone C";3;"3° Giornata";"2026-09-27";"15:30";"Ideal Club Incisa";"Alberoro 1977";1;2;"FINISHED";"M. Merola Raimondo (Rig.) (20' st)";"K. Alomar (4' pt), R. Bennati (2' st)";"https://www.tuttocampo.it/Toscana/Promozione/GironeC/Partita/3.8/ideal-club-incisa-alberoro-1977"
"Promozione Toscana - Girone C";"Promozione";"Girone C";4;"4° Giornata";"2026-10-04";"15:30";"Affrico";"Centro Storico Lebowski";;;"SCHEDULED";"";"";"https://www.tuttocampo.it/Toscana/Promozione/GironeC/Partita/4.1/affrico-centro-storico-lebowski"
"Promozione Toscana - Girone C";"Promozione";"Girone C";4;"4° Giornata";"2026-10-04";"15:30";"Cortona Camucia Calcio";"Acquaviva";;;"SCHEDULED";"";"";"https://www.tuttocampo.it/Toscana/Promozione/GironeC/Partita/4.2/cortona-camucia-calcio-acquaviva"
"Promozione Toscana - Girone C";"Promozione";"Girone C";4;"4° Giornata";"2026-10-04";"15:30";"Montagnano 1966";"AG Dicomano";;;"SCHEDULED";"";"";"https://www.tuttocampo.it/Toscana/Promozione/GironeC/Partita/4.3/montagnano-1966-ag-dicomano"
"Promozione Toscana - Girone C";"Promozione";"Girone C";4;"4° Giornata";"2026-10-04";"15:30";"Nuova Foiano";"Ideal Club Incisa";;;"SCHEDULED";"";"";"https://www.tuttocampo.it/Toscana/Promozione/GironeC/Partita/4.4/nuova-foiano-ideal-club-incisa"
"Promozione Toscana - Girone C";"Promozione";"Girone C";4;"4° Giornata";"2026-10-04";"15:30";"Pontassieve";"Alberoro 1977";;;"SCHEDULED";"";"";"https://www.tuttocampo.it/Toscana/Promozione/GironeC/Partita/4.5/pontassieve-alberoro-1977"
"Promozione Toscana - Girone C";"Promozione";"Girone C";4;"4° Giornata";"2026-10-04";"15:30";"Resco Reggello";"Cubino";;;"SCHEDULED";"";"";"https://www.tuttocampo.it/Toscana/Promozione/GironeC/Partita/4.6/resco-reggello-cubino"
"Promozione Toscana - Girone C";"Promozione";"Girone C";4;"4° Giornata";"2026-10-04";"15:30";"Settignanese";"Casentino";;;"SCHEDULED";"";"";"https://www.tuttocampo.it/Toscana/Promozione/GironeC/Partita/4.7/settignanese-casentino"
"Promozione Toscana - Girone C";"Promozione";"Girone C";4;"4° Giornata";"2026-10-04";"15:30";"Sinalunghese";"Audace Galluzzo";;;"SCHEDULED";"";"";"https://www.tuttocampo.it/Toscana/Promozione/GironeC/Partita/4.8/sinalunghese-audace-galluzzo"
"Promozione Toscana - Girone C";"Promozione";"Girone C";5;"5° Giornata";"2026-10-11";"15:30";"Acquaviva";"Montagnano 1966";;;"SCHEDULED";"";"";"https://www.tuttocampo.it/Toscana/Promozione/GironeC/Partita/5.1/acquaviva-montagnano-1966"
"Promozione Toscana - Girone C";"Promozione";"Girone C";5;"5° Giornata";"2026-10-11";"15:30";"AG Dicomano";"Settignanese";;;"SCHEDULED";"";"";"https://www.tuttocampo.it/Toscana/Promozione/GironeC/Partita/5.3/ag-dicomano-settignanese"
"Promozione Toscana - Girone C";"Promozione";"Girone C";5;"5° Giornata";"2026-10-11";"15:30";"Alberoro 1977";"Nuova Foiano";;;"SCHEDULED";"";"";"https://www.tuttocampo.it/Toscana/Promozione/GironeC/Partita/5.2/alberoro-1977-nuova-foiano"
"Promozione Toscana - Girone C";"Promozione";"Girone C";5;"5° Giornata";"2026-10-11";"15:30";"Audace Galluzzo";"Pontassieve";;;"SCHEDULED";"";"";"https://www.tuttocampo.it/Toscana/Promozione/GironeC/Partita/5.4/audace-galluzzo-pontassieve"
"Promozione Toscana - Girone C";"Promozione";"Girone C";5;"5° Giornata";"2026-10-11";"15:30";"Casentino";"Resco Reggello";;;"SCHEDULED";"";"";"https://www.tuttocampo.it/Toscana/Promozione/GironeC/Partita/5.5/casentino-resco-reggello"
"Promozione Toscana - Girone C";"Promozione";"Girone C";5;"5° Giornata";"2026-10-11";"15:30";"Centro Storico Lebowski";"Sinalunghese";;;"SCHEDULED";"";"";"https://www.tuttocampo.it/Toscana/Promozione/GironeC/Partita/5.6/centro-storico-lebowski-sinalunghese"
"Promozione Toscana - Girone C";"Promozione";"Girone C";5;"5° Giornata";"2026-10-11";"15:30";"Cubino";"Affrico";;;"SCHEDULED";"";"";"https://www.tuttocampo.it/Toscana/Promozione/GironeC/Partita/5.7/cubino-affrico"
"Promozione Toscana - Girone C";"Promozione";"Girone C";5;"5° Giornata";"2026-10-11";"15:30";"Ideal Club Incisa";"Cortona Camucia Calcio";;;"SCHEDULED";"";"";"https://www.tuttocampo.it/Toscana/Promozione/GironeC/Partita/5.8/ideal-club-incisa-cortona-camucia-calcio"
"Promozione Toscana - Girone C";"Promozione";"Girone C";6;"6° Giornata";"2026-10-18";"15:30";"Acquaviva";"AG Dicomano";;;"SCHEDULED";"";"";"https://www.tuttocampo.it/Toscana/Promozione/GironeC/Partita/6.1/acquaviva-ag-dicomano"
"Promozione Toscana - Girone C";"Promozione";"Girone C";6;"6° Giornata";"2026-10-18";"15:30";"Affrico";"Alberoro 1977";;;"SCHEDULED";"";"";"https://www.tuttocampo.it/Toscana/Promozione/GironeC/Partita/6.2/affrico-alberoro-1977"
"Promozione Toscana - Girone C";"Promozione";"Girone C";6;"6° Giornata";"2026-10-18";"15:30";"Cortona Camucia Calcio";"Casentino";;;"SCHEDULED";"";"";"https://www.tuttocampo.it/Toscana/Promozione/GironeC/Partita/6.3/cortona-camucia-calcio-casentino"
"Promozione Toscana - Girone C";"Promozione";"Girone C";6;"6° Giornata";"2026-10-18";"15:30";"Montagnano 1966";"Cubino";;;"SCHEDULED";"";"";"https://www.tuttocampo.it/Toscana/Promozione/GironeC/Partita/6.4/montagnano-1966-cubino"
"Promozione Toscana - Girone C";"Promozione";"Girone C";6;"6° Giornata";"2026-10-18";"15:30";"Pontassieve";"Ideal Club Incisa";;;"SCHEDULED";"";"";"https://www.tuttocampo.it/Toscana/Promozione/GironeC/Partita/6.5/pontassieve-ideal-club-incisa"
"Promozione Toscana - Girone C";"Promozione";"Girone C";6;"6° Giornata";"2026-10-18";"15:30";"Resco Reggello";"Audace Galluzzo";;;"SCHEDULED";"";"";"https://www.tuttocampo.it/Toscana/Promozione/GironeC/Partita/6.6/resco-reggello-audace-galluzzo"
"Promozione Toscana - Girone C";"Promozione";"Girone C";6;"6° Giornata";"2026-10-18";"15:30";"Settignanese";"Centro Storico Lebowski";;;"SCHEDULED";"";"";"https://www.tuttocampo.it/Toscana/Promozione/GironeC/Partita/6.7/settignanese-centro-storico-lebowski"
"Promozione Toscana - Girone C";"Promozione";"Girone C";6;"6° Giornata";"2026-10-18";"15:30";"Sinalunghese";"Nuova Foiano";;;"SCHEDULED";"";"";"https://www.tuttocampo.it/Toscana/Promozione/GironeC/Partita/6.8/sinalunghese-nuova-foiano"
"Promozione Toscana - Girone C";"Promozione";"Girone C";7;"7° Giornata";"2026-10-25";"14:30";"AG Dicomano";"Cortona Camucia Calcio";;;"SCHEDULED";"";"";"https://www.tuttocampo.it/Toscana/Promozione/GironeC/Partita/7.2/ag-dicomano-cortona-camucia-calcio"
"Promozione Toscana - Girone C";"Promozione";"Girone C";7;"7° Giornata";"2026-10-25";"14:30";"Alberoro 1977";"Sinalunghese";;;"SCHEDULED";"";"";"https://www.tuttocampo.it/Toscana/Promozione/GironeC/Partita/7.1/alberoro-1977-sinalunghese"
"Promozione Toscana - Girone C";"Promozione";"Girone C";7;"7° Giornata";"2026-10-25";"14:30";"Audace Galluzzo";"Affrico";;;"SCHEDULED";"";"";"https://www.tuttocampo.it/Toscana/Promozione/GironeC/Partita/7.3/audace-galluzzo-affrico"
"Promozione Toscana - Girone C";"Promozione";"Girone C";7;"7° Giornata";"2026-10-25";"14:30";"Casentino";"Montagnano 1966";;;"SCHEDULED";"";"";"https://www.tuttocampo.it/Toscana/Promozione/GironeC/Partita/7.4/casentino-montagnano-1966"
"Promozione Toscana - Girone C";"Promozione";"Girone C";7;"7° Giornata";"2026-10-25";"14:30";"Centro Storico Lebowski";"Resco Reggello";;;"SCHEDULED";"";"";"https://www.tuttocampo.it/Toscana/Promozione/GironeC/Partita/7.5/centro-storico-lebowski-resco-reggello"
"Promozione Toscana - Girone C";"Promozione";"Girone C";7;"7° Giornata";"2026-10-25";"14:30";"Cubino";"Settignanese";;;"SCHEDULED";"";"";"https://www.tuttocampo.it/Toscana/Promozione/GironeC/Partita/7.6/cubino-settignanese"
"Promozione Toscana - Girone C";"Promozione";"Girone C";7;"7° Giornata";"2026-10-25";"14:30";"Ideal Club Incisa";"Acquaviva";;;"SCHEDULED";"";"";"https://www.tuttocampo.it/Toscana/Promozione/GironeC/Partita/7.7/ideal-club-incisa-acquaviva"
"Promozione Toscana - Girone C";"Promozione";"Girone C";7;"7° Giornata";"2026-10-25";"14:30";"Nuova Foiano";"Pontassieve";;;"SCHEDULED";"";"";"https://www.tuttocampo.it/Toscana/Promozione/GironeC/Partita/7.8/nuova-foiano-pontassieve"
"Promozione Toscana - Girone C";"Promozione";"Girone C";8;"8° Giornata";"2026-11-01";"14:30";"Acquaviva";"Cubino";;;"SCHEDULED";"";"";"https://www.tuttocampo.it/Toscana/Promozione/GironeC/Partita/8.1/acquaviva-cubino"
"Promozione Toscana - Girone C";"Promozione";"Girone C";8;"8° Giornata";"2026-11-01";"14:30";"Affrico";"Pontassieve";;;"SCHEDULED";"";"";"https://www.tuttocampo.it/Toscana/Promozione/GironeC/Partita/8.2/affrico-pontassieve"
"Promozione Toscana - Girone C";"Promozione";"Girone C";8;"8° Giornata";"2026-11-01";"14:30";"AG Dicomano";"Casentino";;;"SCHEDULED";"";"";"https://www.tuttocampo.it/Toscana/Promozione/GironeC/Partita/8.3/ag-dicomano-casentino"
"Promozione Toscana - Girone C";"Promozione";"Girone C";8;"8° Giornata";"2026-11-01";"14:30";"Cortona Camucia Calcio";"Centro Storico Lebowski";;;"SCHEDULED";"";"";"https://www.tuttocampo.it/Toscana/Promozione/GironeC/Partita/8.4/cortona-camucia-calcio-centro-storico-lebowski"
"Promozione Toscana - Girone C";"Promozione";"Girone C";8;"8° Giornata";"2026-11-01";"14:30";"Montagnano 1966";"Audace Galluzzo";;;"SCHEDULED";"";"";"https://www.tuttocampo.it/Toscana/Promozione/GironeC/Partita/8.5/montagnano-1966-audace-galluzzo"
"Promozione Toscana - Girone C";"Promozione";"Girone C";8;"8° Giornata";"2026-11-01";"14:30";"Resco Reggello";"Nuova Foiano";;;"SCHEDULED";"";"";"https://www.tuttocampo.it/Toscana/Promozione/GironeC/Partita/8.6/resco-reggello-nuova-foiano"
"Promozione Toscana - Girone C";"Promozione";"Girone C";8;"8° Giornata";"2026-11-01";"14:30";"Settignanese";"Alberoro 1977";;;"SCHEDULED";"";"";"https://www.tuttocampo.it/Toscana/Promozione/GironeC/Partita/8.7/settignanese-alberoro-1977"
"Promozione Toscana - Girone C";"Promozione";"Girone C";8;"8° Giornata";"2026-11-01";"14:30";"Sinalunghese";"Ideal Club Incisa";;;"SCHEDULED";"";"";"https://www.tuttocampo.it/Toscana/Promozione/GironeC/Partita/8.8/sinalunghese-ideal-club-incisa"
"Promozione Toscana - Girone C";"Promozione";"Girone C";9;"9° Giornata";"2026-11-08";"14:30";"Alberoro 1977";"Resco Reggello";;;"SCHEDULED";"";"";"https://www.tuttocampo.it/Toscana/Promozione/GironeC/Partita/9.1/alberoro-1977-resco-reggello"
"Promozione Toscana - Girone C";"Promozione";"Girone C";9;"9° Giornata";"2026-11-08";"14:30";"Audace Galluzzo";"Settignanese";;;"SCHEDULED";"";"";"https://www.tuttocampo.it/Toscana/Promozione/GironeC/Partita/9.2/audace-galluzzo-settignanese"
"Promozione Toscana - Girone C";"Promozione";"Girone C";9;"9° Giornata";"2026-11-08";"14:30";"Casentino";"Acquaviva";;;"SCHEDULED";"";"";"https://www.tuttocampo.it/Toscana/Promozione/GironeC/Partita/9.3/casentino-acquaviva"
"Promozione Toscana - Girone C";"Promozione";"Girone C";9;"9° Giornata";"2026-11-08";"14:30";"Centro Storico Lebowski";"Montagnano 1966";;;"SCHEDULED";"";"";"https://www.tuttocampo.it/Toscana/Promozione/GironeC/Partita/9.4/centro-storico-lebowski-montagnano-1966"
"Promozione Toscana - Girone C";"Promozione";"Girone C";9;"9° Giornata";"2026-11-08";"14:30";"Cubino";"Cortona Camucia Calcio";;;"SCHEDULED";"";"";"https://www.tuttocampo.it/Toscana/Promozione/GironeC/Partita/9.5/cubino-cortona-camucia-calcio"
"Promozione Toscana - Girone C";"Promozione";"Girone C";9;"9° Giornata";"2026-11-08";"14:30";"Ideal Club Incisa";"AG Dicomano";;;"SCHEDULED";"";"";"https://www.tuttocampo.it/Toscana/Promozione/GironeC/Partita/9.6/ideal-club-incisa-ag-dicomano"
"Promozione Toscana - Girone C";"Promozione";"Girone C";9;"9° Giornata";"2026-11-08";"14:30";"Nuova Foiano";"Affrico";;;"SCHEDULED";"";"";"https://www.tuttocampo.it/Toscana/Promozione/GironeC/Partita/9.7/nuova-foiano-affrico"
"Promozione Toscana - Girone C";"Promozione";"Girone C";9;"9° Giornata";"2026-11-08";"14:30";"Pontassieve";"Sinalunghese";;;"SCHEDULED";"";"";"https://www.tuttocampo.it/Toscana/Promozione/GironeC/Partita/9.8/pontassieve-sinalunghese"
"Promozione Toscana - Girone C";"Promozione";"Girone C";10;"10° Giornata";"2026-11-15";"14:30";"Acquaviva";"Audace Galluzzo";;;"SCHEDULED";"";"";"https://www.tuttocampo.it/Toscana/Promozione/GironeC/Partita/10.1/acquaviva-audace-galluzzo"
"Promozione Toscana - Girone C";"Promozione";"Girone C";10;"10° Giornata";"2026-11-15";"14:30";"Affrico";"Ideal Club Incisa";;;"SCHEDULED";"";"";"https://www.tuttocampo.it/Toscana/Promozione/GironeC/Partita/10.2/affrico-ideal-club-incisa"
"Promozione Toscana - Girone C";"Promozione";"Girone C";10;"10° Giornata";"2026-11-15";"14:30";"AG Dicomano";"Centro Storico Lebowski";;;"SCHEDULED";"";"";"https://www.tuttocampo.it/Toscana/Promozione/GironeC/Partita/10.3/ag-dicomano-centro-storico-lebowski"
"Promozione Toscana - Girone C";"Promozione";"Girone C";10;"10° Giornata";"2026-11-15";"14:30";"Casentino";"Cubino";;;"SCHEDULED";"";"";"https://www.tuttocampo.it/Toscana/Promozione/GironeC/Partita/10.4/casentino-cubino"
"Promozione Toscana - Girone C";"Promozione";"Girone C";10;"10° Giornata";"2026-11-15";"14:30";"Cortona Camucia Calcio";"Alberoro 1977";;;"SCHEDULED";"";"";"https://www.tuttocampo.it/Toscana/Promozione/GironeC/Partita/10.5/cortona-camucia-calcio-alberoro-1977"
"Promozione Toscana - Girone C";"Promozione";"Girone C";10;"10° Giornata";"2026-11-15";"14:30";"Montagnano 1966";"Nuova Foiano";;;"SCHEDULED";"";"";"https://www.tuttocampo.it/Toscana/Promozione/GironeC/Partita/10.6/montagnano-1966-nuova-foiano"
"Promozione Toscana - Girone C";"Promozione";"Girone C";10;"10° Giornata";"2026-11-15";"14:30";"Resco Reggello";"Sinalunghese";;;"SCHEDULED";"";"";"https://www.tuttocampo.it/Toscana/Promozione/GironeC/Partita/10.7/resco-reggello-sinalunghese"
"Promozione Toscana - Girone C";"Promozione";"Girone C";10;"10° Giornata";"2026-11-15";"14:30";"Settignanese";"Pontassieve";;;"SCHEDULED";"";"";"https://www.tuttocampo.it/Toscana/Promozione/GironeC/Partita/10.8/settignanese-pontassieve"
"Promozione Toscana - Girone C";"Promozione";"Girone C";11;"11° Giornata";"2026-11-22";"14:30";"Alberoro 1977";"Montagnano 1966";;;"SCHEDULED";"";"";"https://www.tuttocampo.it/Toscana/Promozione/GironeC/Partita/11.1/alberoro-1977-montagnano-1966"
"Promozione Toscana - Girone C";"Promozione";"Girone C";11;"11° Giornata";"2026-11-22";"14:30";"Audace Galluzzo";"Cortona Camucia Calcio";;;"SCHEDULED";"";"";"https://www.tuttocampo.it/Toscana/Promozione/GironeC/Partita/11.2/audace-galluzzo-cortona-camucia-calcio"
"Promozione Toscana - Girone C";"Promozione";"Girone C";11;"11° Giornata";"2026-11-22";"14:30";"Centro Storico Lebowski";"Acquaviva";;;"SCHEDULED";"";"";"https://www.tuttocampo.it/Toscana/Promozione/GironeC/Partita/11.3/centro-storico-lebowski-acquaviva"
"Promozione Toscana - Girone C";"Promozione";"Girone C";11;"11° Giornata";"2026-11-22";"14:30";"Cubino";"AG Dicomano";;;"SCHEDULED";"";"";"https://www.tuttocampo.it/Toscana/Promozione/GironeC/Partita/11.4/cubino-ag-dicomano"
"Promozione Toscana - Girone C";"Promozione";"Girone C";11;"11° Giornata";"2026-11-22";"14:30";"Ideal Club Incisa";"Casentino";;;"SCHEDULED";"";"";"https://www.tuttocampo.it/Toscana/Promozione/GironeC/Partita/11.5/ideal-club-incisa-casentino"
"Promozione Toscana - Girone C";"Promozione";"Girone C";11;"11° Giornata";"2026-11-22";"14:30";"Nuova Foiano";"Settignanese";;;"SCHEDULED";"";"";"https://www.tuttocampo.it/Toscana/Promozione/GironeC/Partita/11.6/nuova-foiano-settignanese"
"Promozione Toscana - Girone C";"Promozione";"Girone C";11;"11° Giornata";"2026-11-22";"14:30";"Pontassieve";"Resco Reggello";;;"SCHEDULED";"";"";"https://www.tuttocampo.it/Toscana/Promozione/GironeC/Partita/11.7/pontassieve-resco-reggello"
"Promozione Toscana - Girone C";"Promozione";"Girone C";11;"11° Giornata";"2026-11-22";"14:30";"Sinalunghese";"Affrico";;;"SCHEDULED";"";"";"https://www.tuttocampo.it/Toscana/Promozione/GironeC/Partita/11.8/sinalunghese-affrico"
"Promozione Toscana - Girone C";"Promozione";"Girone C";12;"12° Giornata";"2026-11-29";"14:30";"Acquaviva";"Nuova Foiano";;;"SCHEDULED";"";"";"https://www.tuttocampo.it/Toscana/Promozione/GironeC/Partita/12.1/acquaviva-nuova-foiano"
"Promozione Toscana - Girone C";"Promozione";"Girone C";12;"12° Giornata";"2026-11-29";"14:30";"AG Dicomano";"Alberoro 1977";;;"SCHEDULED";"";"";"https://www.tuttocampo.it/Toscana/Promozione/GironeC/Partita/12.2/ag-dicomano-alberoro-1977"
"Promozione Toscana - Girone C";"Promozione";"Girone C";12;"12° Giornata";"2026-11-29";"14:30";"Casentino";"Audace Galluzzo";;;"SCHEDULED";"";"";"https://www.tuttocampo.it/Toscana/Promozione/GironeC/Partita/12.3/casentino-audace-galluzzo"
"Promozione Toscana - Girone C";"Promozione";"Girone C";12;"12° Giornata";"2026-11-29";"14:30";"Cortona Camucia Calcio";"Pontassieve";;;"SCHEDULED";"";"";"https://www.tuttocampo.it/Toscana/Promozione/GironeC/Partita/12.4/cortona-camucia-calcio-pontassieve"
"Promozione Toscana - Girone C";"Promozione";"Girone C";12;"12° Giornata";"2026-11-29";"14:30";"Cubino";"Centro Storico Lebowski";;;"SCHEDULED";"";"";"https://www.tuttocampo.it/Toscana/Promozione/GironeC/Partita/12.5/cubino-centro-storico-lebowski"
"Promozione Toscana - Girone C";"Promozione";"Girone C";12;"12° Giornata";"2026-11-29";"14:30";"Montagnano 1966";"Sinalunghese";;;"SCHEDULED";"";"";"https://www.tuttocampo.it/Toscana/Promozione/GironeC/Partita/12.6/montagnano-1966-sinalunghese"
"Promozione Toscana - Girone C";"Promozione";"Girone C";12;"12° Giornata";"2026-11-29";"14:30";"Resco Reggello";"Ideal Club Incisa";;;"SCHEDULED";"";"";"https://www.tuttocampo.it/Toscana/Promozione/GironeC/Partita/12.7/resco-reggello-ideal-club-incisa"
"Promozione Toscana - Girone C";"Promozione";"Girone C";12;"12° Giornata";"2026-11-29";"14:30";"Settignanese";"Affrico";;;"SCHEDULED";"";"";"https://www.tuttocampo.it/Toscana/Promozione/GironeC/Partita/12.8/settignanese-affrico"
"Promozione Toscana - Girone C";"Promozione";"Girone C";13;"13° Giornata";"2026-12-06";"14:30";"Affrico";"Resco Reggello";;;"SCHEDULED";"";"";"https://www.tuttocampo.it/Toscana/Promozione/GironeC/Partita/13.1/affrico-resco-reggello"
"Promozione Toscana - Girone C";"Promozione";"Girone C";13;"13° Giornata";"2026-12-06";"14:30";"Alberoro 1977";"Acquaviva";;;"SCHEDULED";"";"";"https://www.tuttocampo.it/Toscana/Promozione/GironeC/Partita/13.2/alberoro-1977-acquaviva"
"Promozione Toscana - Girone C";"Promozione";"Girone C";13;"13° Giornata";"2026-12-06";"14:30";"Audace Galluzzo";"AG Dicomano";;;"SCHEDULED";"";"";"https://www.tuttocampo.it/Toscana/Promozione/GironeC/Partita/13.3/audace-galluzzo-ag-dicomano"
"Promozione Toscana - Girone C";"Promozione";"Girone C";13;"13° Giornata";"2026-12-06";"14:30";"Centro Storico Lebowski";"Casentino";;;"SCHEDULED";"";"";"https://www.tuttocampo.it/Toscana/Promozione/GironeC/Partita/13.4/centro-storico-lebowski-casentino"
"Promozione Toscana - Girone C";"Promozione";"Girone C";13;"13° Giornata";"2026-12-06";"14:30";"Ideal Club Incisa";"Cubino";;;"SCHEDULED";"";"";"https://www.tuttocampo.it/Toscana/Promozione/GironeC/Partita/13.5/ideal-club-incisa-cubino"
"Promozione Toscana - Girone C";"Promozione";"Girone C";13;"13° Giornata";"2026-12-06";"14:30";"Nuova Foiano";"Cortona Camucia Calcio";;;"SCHEDULED";"";"";"https://www.tuttocampo.it/Toscana/Promozione/GironeC/Partita/13.6/nuova-foiano-cortona-camucia-calcio"
"Promozione Toscana - Girone C";"Promozione";"Girone C";13;"13° Giornata";"2026-12-06";"14:30";"Pontassieve";"Montagnano 1966";;;"SCHEDULED";"";"";"https://www.tuttocampo.it/Toscana/Promozione/GironeC/Partita/13.7/pontassieve-montagnano-1966"
"Promozione Toscana - Girone C";"Promozione";"Girone C";13;"13° Giornata";"2026-12-06";"14:30";"Sinalunghese";"Settignanese";;;"SCHEDULED";"";"";"https://www.tuttocampo.it/Toscana/Promozione/GironeC/Partita/13.8/sinalunghese-settignanese"
"Promozione Toscana - Girone C";"Promozione";"Girone C";14;"14° Giornata";"2026-12-13";"14:30";"Acquaviva";"Sinalunghese";;;"SCHEDULED";"";"";"https://www.tuttocampo.it/Toscana/Promozione/GironeC/Partita/14.1/acquaviva-sinalunghese"
"Promozione Toscana - Girone C";"Promozione";"Girone C";14;"14° Giornata";"2026-12-13";"14:30";"AG Dicomano";"Pontassieve";;;"SCHEDULED";"";"";"https://www.tuttocampo.it/Toscana/Promozione/GironeC/Partita/14.2/ag-dicomano-pontassieve"
"Promozione Toscana - Girone C";"Promozione";"Girone C";14;"14° Giornata";"2026-12-13";"14:30";"Casentino";"Nuova Foiano";;;"SCHEDULED";"";"";"https://www.tuttocampo.it/Toscana/Promozione/GironeC/Partita/14.3/casentino-nuova-foiano"
"Promozione Toscana - Girone C";"Promozione";"Girone C";14;"14° Giornata";"2026-12-13";"14:30";"Centro Storico Lebowski";"Audace Galluzzo";;;"SCHEDULED";"";"";"https://www.tuttocampo.it/Toscana/Promozione/GironeC/Partita/14.4/centro-storico-lebowski-audace-galluzzo"
"Promozione Toscana - Girone C";"Promozione";"Girone C";14;"14° Giornata";"2026-12-13";"14:30";"Cortona Camucia Calcio";"Affrico";;;"SCHEDULED";"";"";"https://www.tuttocampo.it/Toscana/Promozione/GironeC/Partita/14.5/cortona-camucia-calcio-affrico"
"Promozione Toscana - Girone C";"Promozione";"Girone C";14;"14° Giornata";"2026-12-13";"14:30";"Cubino";"Alberoro 1977";;;"SCHEDULED";"";"";"https://www.tuttocampo.it/Toscana/Promozione/GironeC/Partita/14.6/cubino-alberoro-1977"
"Promozione Toscana - Girone C";"Promozione";"Girone C";14;"14° Giornata";"2026-12-13";"14:30";"Montagnano 1966";"Resco Reggello";;;"SCHEDULED";"";"";"https://www.tuttocampo.it/Toscana/Promozione/GironeC/Partita/14.7/montagnano-1966-resco-reggello"
"Promozione Toscana - Girone C";"Promozione";"Girone C";14;"14° Giornata";"2026-12-13";"14:30";"Settignanese";"Ideal Club Incisa";;;"SCHEDULED";"";"";"https://www.tuttocampo.it/Toscana/Promozione/GironeC/Partita/14.8/settignanese-ideal-club-incisa"
"Promozione Toscana - Girone C";"Promozione";"Girone C";15;"15° Giornata";"2026-12-20";"14:30";"Affrico";"Montagnano 1966";;;"SCHEDULED";"";"";"https://www.tuttocampo.it/Toscana/Promozione/GironeC/Partita/15.1/affrico-montagnano-1966"
"Promozione Toscana - Girone C";"Promozione";"Girone C";15;"15° Giornata";"2026-12-20";"14:30";"Alberoro 1977";"Casentino";;;"SCHEDULED";"";"";"https://www.tuttocampo.it/Toscana/Promozione/GironeC/Partita/15.2/alberoro-1977-casentino"
"Promozione Toscana - Girone C";"Promozione";"Girone C";15;"15° Giornata";"2026-12-20";"14:30";"Audace Galluzzo";"Cubino";;;"SCHEDULED";"";"";"https://www.tuttocampo.it/Toscana/Promozione/GironeC/Partita/15.3/audace-galluzzo-cubino"
"Promozione Toscana - Girone C";"Promozione";"Girone C";15;"15° Giornata";"2026-12-20";"14:30";"Ideal Club Incisa";"Centro Storico Lebowski";;;"SCHEDULED";"";"";"https://www.tuttocampo.it/Toscana/Promozione/GironeC/Partita/15.4/ideal-club-incisa-centro-storico-lebowski"
"Promozione Toscana - Girone C";"Promozione";"Girone C";15;"15° Giornata";"2026-12-20";"14:30";"Nuova Foiano";"AG Dicomano";;;"SCHEDULED";"";"";"https://www.tuttocampo.it/Toscana/Promozione/GironeC/Partita/15.5/nuova-foiano-ag-dicomano"
"Promozione Toscana - Girone C";"Promozione";"Girone C";15;"15° Giornata";"2026-12-20";"14:30";"Pontassieve";"Acquaviva";;;"SCHEDULED";"";"";"https://www.tuttocampo.it/Toscana/Promozione/GironeC/Partita/15.6/pontassieve-acquaviva"
"Promozione Toscana - Girone C";"Promozione";"Girone C";15;"15° Giornata";"2026-12-20";"14:30";"Resco Reggello";"Settignanese";;;"SCHEDULED";"";"";"https://www.tuttocampo.it/Toscana/Promozione/GironeC/Partita/15.7/resco-reggello-settignanese"
"Promozione Toscana - Girone C";"Promozione";"Girone C";15;"15° Giornata";"2026-12-20";"14:30";"Sinalunghese";"Cortona Camucia Calcio";;;"SCHEDULED";"";"";"https://www.tuttocampo.it/Toscana/Promozione/GironeC/Partita/15.8/sinalunghese-cortona-camucia-calcio"
"Promozione Toscana - Girone C";"Promozione";"Girone C";16;"16° Giornata";"2027-01-03";"14:30";"Affrico";"AG Dicomano";;;"SCHEDULED";"";"";"https://www.tuttocampo.it/Toscana/Promozione/GironeC/Partita/16.2/affrico-ag-dicomano"
"Promozione Toscana - Girone C";"Promozione";"Girone C";16;"16° Giornata";"2027-01-03";"14:30";"Alberoro 1977";"Audace Galluzzo";;;"SCHEDULED";"";"";"https://www.tuttocampo.it/Toscana/Promozione/GironeC/Partita/16.3/alberoro-1977-audace-galluzzo"
"Promozione Toscana - Girone C";"Promozione";"Girone C";16;"16° Giornata";"2027-01-03";"14:30";"Ideal Club Incisa";"Montagnano 1966";;;"SCHEDULED";"";"";"https://www.tuttocampo.it/Toscana/Promozione/GironeC/Partita/16.8/ideal-club-incisa-montagnano-1966"
"Promozione Toscana - Girone C";"Promozione";"Girone C";16;"16° Giornata";"2027-01-03";"14:30";"Nuova Foiano";"Centro Storico Lebowski";;;"SCHEDULED";"";"";"https://www.tuttocampo.it/Toscana/Promozione/GironeC/Partita/16.5/nuova-foiano-centro-storico-lebowski"
"Promozione Toscana - Girone C";"Promozione";"Girone C";16;"16° Giornata";"2027-01-03";"14:30";"Pontassieve";"Cubino";;;"SCHEDULED";"";"";"https://www.tuttocampo.it/Toscana/Promozione/GironeC/Partita/16.7/pontassieve-cubino"
"Promozione Toscana - Girone C";"Promozione";"Girone C";16;"16° Giornata";"2027-01-03";"14:30";"Resco Reggello";"Acquaviva";;;"SCHEDULED";"";"";"https://www.tuttocampo.it/Toscana/Promozione/GironeC/Partita/16.1/resco-reggello-acquaviva"
"Promozione Toscana - Girone C";"Promozione";"Girone C";16;"16° Giornata";"2027-01-03";"14:30";"Settignanese";"Cortona Camucia Calcio";;;"SCHEDULED";"";"";"https://www.tuttocampo.it/Toscana/Promozione/GironeC/Partita/16.6/settignanese-cortona-camucia-calcio"
"Promozione Toscana - Girone C";"Promozione";"Girone C";16;"16° Giornata";"2027-01-03";"14:30";"Sinalunghese";"Casentino";;;"SCHEDULED";"";"";"https://www.tuttocampo.it/Toscana/Promozione/GironeC/Partita/16.4/sinalunghese-casentino"
"Promozione Toscana - Girone C";"Promozione";"Girone C";17;"17° Giornata";"2027-01-10";"14:30";"Acquaviva";"Affrico";;;"SCHEDULED";"";"";"https://www.tuttocampo.it/Toscana/Promozione/GironeC/Partita/17.1/acquaviva-affrico"
"Promozione Toscana - Girone C";"Promozione";"Girone C";17;"17° Giornata";"2027-01-10";"14:30";"AG Dicomano";"Sinalunghese";;;"SCHEDULED";"";"";"https://www.tuttocampo.it/Toscana/Promozione/GironeC/Partita/17.8/ag-dicomano-sinalunghese"
"Promozione Toscana - Girone C";"Promozione";"Girone C";17;"17° Giornata";"2027-01-10";"14:30";"Audace Galluzzo";"Ideal Club Incisa";;;"SCHEDULED";"";"";"https://www.tuttocampo.it/Toscana/Promozione/GironeC/Partita/17.3/audace-galluzzo-ideal-club-incisa"
"Promozione Toscana - Girone C";"Promozione";"Girone C";17;"17° Giornata";"2027-01-10";"14:30";"Casentino";"Pontassieve";;;"SCHEDULED";"";"";"https://www.tuttocampo.it/Toscana/Promozione/GironeC/Partita/17.5/casentino-pontassieve"
"Promozione Toscana - Girone C";"Promozione";"Girone C";17;"17° Giornata";"2027-01-10";"14:30";"Centro Storico Lebowski";"Alberoro 1977";;;"SCHEDULED";"";"";"https://www.tuttocampo.it/Toscana/Promozione/GironeC/Partita/17.2/centro-storico-lebowski-alberoro-1977"
"Promozione Toscana - Girone C";"Promozione";"Girone C";17;"17° Giornata";"2027-01-10";"14:30";"Cortona Camucia Calcio";"Resco Reggello";;;"SCHEDULED";"";"";"https://www.tuttocampo.it/Toscana/Promozione/GironeC/Partita/17.6/cortona-camucia-calcio-resco-reggello"
"Promozione Toscana - Girone C";"Promozione";"Girone C";17;"17° Giornata";"2027-01-10";"14:30";"Cubino";"Nuova Foiano";;;"SCHEDULED";"";"";"https://www.tuttocampo.it/Toscana/Promozione/GironeC/Partita/17.4/cubino-nuova-foiano"
"Promozione Toscana - Girone C";"Promozione";"Girone C";17;"17° Giornata";"2027-01-10";"14:30";"Montagnano 1966";"Settignanese";;;"SCHEDULED";"";"";"https://www.tuttocampo.it/Toscana/Promozione/GironeC/Partita/17.7/montagnano-1966-settignanese"
"Promozione Toscana - Girone C";"Promozione";"Girone C";18;"18° Giornata";"2027-01-17";"15:00";"Affrico";"Casentino";;;"SCHEDULED";"";"";"https://www.tuttocampo.it/Toscana/Promozione/GironeC/Partita/18.4/affrico-casentino"
"Promozione Toscana - Girone C";"Promozione";"Girone C";18;"18° Giornata";"2027-01-17";"15:00";"Alberoro 1977";"Ideal Club Incisa";;;"SCHEDULED";"";"";"https://www.tuttocampo.it/Toscana/Promozione/GironeC/Partita/18.8/alberoro-1977-ideal-club-incisa"
"Promozione Toscana - Girone C";"Promozione";"Girone C";18;"18° Giornata";"2027-01-17";"15:00";"Montagnano 1966";"Cortona Camucia Calcio";;;"SCHEDULED";"";"";"https://www.tuttocampo.it/Toscana/Promozione/GironeC/Partita/18.6/montagnano-1966-cortona-camucia-calcio"
"Promozione Toscana - Girone C";"Promozione";"Girone C";18;"18° Giornata";"2027-01-17";"15:00";"Nuova Foiano";"Audace Galluzzo";;;"SCHEDULED";"";"";"https://www.tuttocampo.it/Toscana/Promozione/GironeC/Partita/18.3/nuova-foiano-audace-galluzzo"
"Promozione Toscana - Girone C";"Promozione";"Girone C";18;"18° Giornata";"2027-01-17";"15:00";"Pontassieve";"Centro Storico Lebowski";;;"SCHEDULED";"";"";"https://www.tuttocampo.it/Toscana/Promozione/GironeC/Partita/18.5/pontassieve-centro-storico-lebowski"
"Promozione Toscana - Girone C";"Promozione";"Girone C";18;"18° Giornata";"2027-01-17";"15:00";"Resco Reggello";"AG Dicomano";;;"SCHEDULED";"";"";"https://www.tuttocampo.it/Toscana/Promozione/GironeC/Partita/18.2/resco-reggello-ag-dicomano"
"Promozione Toscana - Girone C";"Promozione";"Girone C";18;"18° Giornata";"2027-01-17";"15:00";"Settignanese";"Acquaviva";;;"SCHEDULED";"";"";"https://www.tuttocampo.it/Toscana/Promozione/GironeC/Partita/18.1/settignanese-acquaviva"
"Promozione Toscana - Girone C";"Promozione";"Girone C";18;"18° Giornata";"2027-01-17";"15:00";"Sinalunghese";"Cubino";;;"SCHEDULED";"";"";"https://www.tuttocampo.it/Toscana/Promozione/GironeC/Partita/18.7/sinalunghese-cubino"
"Promozione Toscana - Girone C";"Promozione";"Girone C";19;"19° Giornata";"2027-01-24";"15:00";"Acquaviva";"Cortona Camucia Calcio";;;"SCHEDULED";"";"";"https://www.tuttocampo.it/Toscana/Promozione/GironeC/Partita/19.2/acquaviva-cortona-camucia-calcio"
"Promozione Toscana - Girone C";"Promozione";"Girone C";19;"19° Giornata";"2027-01-24";"15:00";"AG Dicomano";"Montagnano 1966";;;"SCHEDULED";"";"";"https://www.tuttocampo.it/Toscana/Promozione/GironeC/Partita/19.3/ag-dicomano-montagnano-1966"
"Promozione Toscana - Girone C";"Promozione";"Girone C";19;"19° Giornata";"2027-01-24";"15:00";"Alberoro 1977";"Pontassieve";;;"SCHEDULED";"";"";"https://www.tuttocampo.it/Toscana/Promozione/GironeC/Partita/19.5/alberoro-1977-pontassieve"
"Promozione Toscana - Girone C";"Promozione";"Girone C";19;"19° Giornata";"2027-01-24";"15:00";"Audace Galluzzo";"Sinalunghese";;;"SCHEDULED";"";"";"https://www.tuttocampo.it/Toscana/Promozione/GironeC/Partita/19.8/audace-galluzzo-sinalunghese"
"Promozione Toscana - Girone C";"Promozione";"Girone C";19;"19° Giornata";"2027-01-24";"15:00";"Casentino";"Settignanese";;;"SCHEDULED";"";"";"https://www.tuttocampo.it/Toscana/Promozione/GironeC/Partita/19.7/casentino-settignanese"
"Promozione Toscana - Girone C";"Promozione";"Girone C";19;"19° Giornata";"2027-01-24";"15:00";"Centro Storico Lebowski";"Affrico";;;"SCHEDULED";"";"";"https://www.tuttocampo.it/Toscana/Promozione/GironeC/Partita/19.1/centro-storico-lebowski-affrico"
"Promozione Toscana - Girone C";"Promozione";"Girone C";19;"19° Giornata";"2027-01-24";"15:00";"Cubino";"Resco Reggello";;;"SCHEDULED";"";"";"https://www.tuttocampo.it/Toscana/Promozione/GironeC/Partita/19.6/cubino-resco-reggello"
"Promozione Toscana - Girone C";"Promozione";"Girone C";19;"19° Giornata";"2027-01-24";"15:00";"Ideal Club Incisa";"Nuova Foiano";;;"SCHEDULED";"";"";"https://www.tuttocampo.it/Toscana/Promozione/GironeC/Partita/19.4/ideal-club-incisa-nuova-foiano"
"Promozione Toscana - Girone C";"Promozione";"Girone C";20;"20° Giornata";"2027-01-31";"15:00";"Affrico";"Cubino";;;"SCHEDULED";"";"";"https://www.tuttocampo.it/Toscana/Promozione/GironeC/Partita/20.7/affrico-cubino"
"Promozione Toscana - Girone C";"Promozione";"Girone C";20;"20° Giornata";"2027-01-31";"15:00";"Cortona Camucia Calcio";"Ideal Club Incisa";;;"SCHEDULED";"";"";"https://www.tuttocampo.it/Toscana/Promozione/GironeC/Partita/20.8/cortona-camucia-calcio-ideal-club-incisa"
"Promozione Toscana - Girone C";"Promozione";"Girone C";20;"20° Giornata";"2027-01-31";"15:00";"Montagnano 1966";"Acquaviva";;;"SCHEDULED";"";"";"https://www.tuttocampo.it/Toscana/Promozione/GironeC/Partita/20.1/montagnano-1966-acquaviva"
"Promozione Toscana - Girone C";"Promozione";"Girone C";20;"20° Giornata";"2027-01-31";"15:00";"Nuova Foiano";"Alberoro 1977";;;"SCHEDULED";"";"";"https://www.tuttocampo.it/Toscana/Promozione/GironeC/Partita/20.2/nuova-foiano-alberoro-1977"
"Promozione Toscana - Girone C";"Promozione";"Girone C";20;"20° Giornata";"2027-01-31";"15:00";"Pontassieve";"Audace Galluzzo";;;"SCHEDULED";"";"";"https://www.tuttocampo.it/Toscana/Promozione/GironeC/Partita/20.4/pontassieve-audace-galluzzo"
"Promozione Toscana - Girone C";"Promozione";"Girone C";20;"20° Giornata";"2027-01-31";"15:00";"Resco Reggello";"Casentino";;;"SCHEDULED";"";"";"https://www.tuttocampo.it/Toscana/Promozione/GironeC/Partita/20.5/resco-reggello-casentino"
"Promozione Toscana - Girone C";"Promozione";"Girone C";20;"20° Giornata";"2027-01-31";"15:00";"Settignanese";"AG Dicomano";;;"SCHEDULED";"";"";"https://www.tuttocampo.it/Toscana/Promozione/GironeC/Partita/20.3/settignanese-ag-dicomano"
"Promozione Toscana - Girone C";"Promozione";"Girone C";20;"20° Giornata";"2027-01-31";"15:00";"Sinalunghese";"Centro Storico Lebowski";;;"SCHEDULED";"";"";"https://www.tuttocampo.it/Toscana/Promozione/GironeC/Partita/20.6/sinalunghese-centro-storico-lebowski"
"Promozione Toscana - Girone C";"Promozione";"Girone C";21;"21° Giornata";"2027-02-07";"15:00";"AG Dicomano";"Acquaviva";;;"SCHEDULED";"";"";"https://www.tuttocampo.it/Toscana/Promozione/GironeC/Partita/21.1/ag-dicomano-acquaviva"
"Promozione Toscana - Girone C";"Promozione";"Girone C";21;"21° Giornata";"2027-02-07";"15:00";"Alberoro 1977";"Affrico";;;"SCHEDULED";"";"";"https://www.tuttocampo.it/Toscana/Promozione/GironeC/Partita/21.2/alberoro-1977-affrico"
"Promozione Toscana - Girone C";"Promozione";"Girone C";21;"21° Giornata";"2027-02-07";"15:00";"Audace Galluzzo";"Resco Reggello";;;"SCHEDULED";"";"";"https://www.tuttocampo.it/Toscana/Promozione/GironeC/Partita/21.6/audace-galluzzo-resco-reggello"
"Promozione Toscana - Girone C";"Promozione";"Girone C";21;"21° Giornata";"2027-02-07";"15:00";"Casentino";"Cortona Camucia Calcio";;;"SCHEDULED";"";"";"https://www.tuttocampo.it/Toscana/Promozione/GironeC/Partita/21.3/casentino-cortona-camucia-calcio"
"Promozione Toscana - Girone C";"Promozione";"Girone C";21;"21° Giornata";"2027-02-07";"15:00";"Centro Storico Lebowski";"Settignanese";;;"SCHEDULED";"";"";"https://www.tuttocampo.it/Toscana/Promozione/GironeC/Partita/21.7/centro-storico-lebowski-settignanese"
"Promozione Toscana - Girone C";"Promozione";"Girone C";21;"21° Giornata";"2027-02-07";"15:00";"Cubino";"Montagnano 1966";;;"SCHEDULED";"";"";"https://www.tuttocampo.it/Toscana/Promozione/GironeC/Partita/21.4/cubino-montagnano-1966"
"Promozione Toscana - Girone C";"Promozione";"Girone C";21;"21° Giornata";"2027-02-07";"15:00";"Ideal Club Incisa";"Pontassieve";;;"SCHEDULED";"";"";"https://www.tuttocampo.it/Toscana/Promozione/GironeC/Partita/21.5/ideal-club-incisa-pontassieve"
"Promozione Toscana - Girone C";"Promozione";"Girone C";21;"21° Giornata";"2027-02-07";"15:00";"Nuova Foiano";"Sinalunghese";;;"SCHEDULED";"";"";"https://www.tuttocampo.it/Toscana/Promozione/GironeC/Partita/21.8/nuova-foiano-sinalunghese"
"Promozione Toscana - Girone C";"Promozione";"Girone C";22;"22° Giornata";"2027-02-14";"15:00";"Acquaviva";"Ideal Club Incisa";;;"SCHEDULED";"";"";"https://www.tuttocampo.it/Toscana/Promozione/GironeC/Partita/22.7/acquaviva-ideal-club-incisa"
"Promozione Toscana - Girone C";"Promozione";"Girone C";22;"22° Giornata";"2027-02-14";"15:00";"Affrico";"Audace Galluzzo";;;"SCHEDULED";"";"";"https://www.tuttocampo.it/Toscana/Promozione/GironeC/Partita/22.3/affrico-audace-galluzzo"
"Promozione Toscana - Girone C";"Promozione";"Girone C";22;"22° Giornata";"2027-02-14";"15:00";"Cortona Camucia Calcio";"AG Dicomano";;;"SCHEDULED";"";"";"https://www.tuttocampo.it/Toscana/Promozione/GironeC/Partita/22.2/cortona-camucia-calcio-ag-dicomano"
"Promozione Toscana - Girone C";"Promozione";"Girone C";22;"22° Giornata";"2027-02-14";"15:00";"Montagnano 1966";"Casentino";;;"SCHEDULED";"";"";"https://www.tuttocampo.it/Toscana/Promozione/GironeC/Partita/22.4/montagnano-1966-casentino"
"Promozione Toscana - Girone C";"Promozione";"Girone C";22;"22° Giornata";"2027-02-14";"15:00";"Pontassieve";"Nuova Foiano";;;"SCHEDULED";"";"";"https://www.tuttocampo.it/Toscana/Promozione/GironeC/Partita/22.8/pontassieve-nuova-foiano"
"Promozione Toscana - Girone C";"Promozione";"Girone C";22;"22° Giornata";"2027-02-14";"15:00";"Resco Reggello";"Centro Storico Lebowski";;;"SCHEDULED";"";"";"https://www.tuttocampo.it/Toscana/Promozione/GironeC/Partita/22.5/resco-reggello-centro-storico-lebowski"
"Promozione Toscana - Girone C";"Promozione";"Girone C";22;"22° Giornata";"2027-02-14";"15:00";"Settignanese";"Cubino";;;"SCHEDULED";"";"";"https://www.tuttocampo.it/Toscana/Promozione/GironeC/Partita/22.6/settignanese-cubino"
"Promozione Toscana - Girone C";"Promozione";"Girone C";22;"22° Giornata";"2027-02-14";"15:00";"Sinalunghese";"Alberoro 1977";;;"SCHEDULED";"";"";"https://www.tuttocampo.it/Toscana/Promozione/GironeC/Partita/22.1/sinalunghese-alberoro-1977"
"Promozione Toscana - Girone C";"Promozione";"Girone C";23;"23° Giornata";"2027-02-21";"15:00";"Alberoro 1977";"Settignanese";;;"SCHEDULED";"";"";"https://www.tuttocampo.it/Toscana/Promozione/GironeC/Partita/23.7/alberoro-1977-settignanese"
"Promozione Toscana - Girone C";"Promozione";"Girone C";23;"23° Giornata";"2027-02-21";"15:00";"Audace Galluzzo";"Montagnano 1966";;;"SCHEDULED";"";"";"https://www.tuttocampo.it/Toscana/Promozione/GironeC/Partita/23.5/audace-galluzzo-montagnano-1966"
"Promozione Toscana - Girone C";"Promozione";"Girone C";23;"23° Giornata";"2027-02-21";"15:00";"Casentino";"AG Dicomano";;;"SCHEDULED";"";"";"https://www.tuttocampo.it/Toscana/Promozione/GironeC/Partita/23.3/casentino-ag-dicomano"
"Promozione Toscana - Girone C";"Promozione";"Girone C";23;"23° Giornata";"2027-02-21";"15:00";"Centro Storico Lebowski";"Cortona Camucia Calcio";;;"SCHEDULED";"";"";"https://www.tuttocampo.it/Toscana/Promozione/GironeC/Partita/23.4/centro-storico-lebowski-cortona-camucia-calcio"
"Promozione Toscana - Girone C";"Promozione";"Girone C";23;"23° Giornata";"2027-02-21";"15:00";"Cubino";"Acquaviva";;;"SCHEDULED";"";"";"https://www.tuttocampo.it/Toscana/Promozione/GironeC/Partita/23.1/cubino-acquaviva"
"Promozione Toscana - Girone C";"Promozione";"Girone C";23;"23° Giornata";"2027-02-21";"15:00";"Ideal Club Incisa";"Sinalunghese";;;"SCHEDULED";"";"";"https://www.tuttocampo.it/Toscana/Promozione/GironeC/Partita/23.8/ideal-club-incisa-sinalunghese"
"Promozione Toscana - Girone C";"Promozione";"Girone C";23;"23° Giornata";"2027-02-21";"15:00";"Nuova Foiano";"Resco Reggello";;;"SCHEDULED";"";"";"https://www.tuttocampo.it/Toscana/Promozione/GironeC/Partita/23.6/nuova-foiano-resco-reggello"
"Promozione Toscana - Girone C";"Promozione";"Girone C";23;"23° Giornata";"2027-02-21";"15:00";"Pontassieve";"Affrico";;;"SCHEDULED";"";"";"https://www.tuttocampo.it/Toscana/Promozione/GironeC/Partita/23.2/pontassieve-affrico"
"Promozione Toscana - Girone C";"Promozione";"Girone C";24;"24° Giornata";"2027-02-28";"15:00";"Acquaviva";"Casentino";;;"SCHEDULED";"";"";"https://www.tuttocampo.it/Toscana/Promozione/GironeC/Partita/24.3/acquaviva-casentino"
"Promozione Toscana - Girone C";"Promozione";"Girone C";24;"24° Giornata";"2027-02-28";"15:00";"Affrico";"Nuova Foiano";;;"SCHEDULED";"";"";"https://www.tuttocampo.it/Toscana/Promozione/GironeC/Partita/24.7/affrico-nuova-foiano"
"Promozione Toscana - Girone C";"Promozione";"Girone C";24;"24° Giornata";"2027-02-28";"15:00";"AG Dicomano";"Ideal Club Incisa";;;"SCHEDULED";"";"";"https://www.tuttocampo.it/Toscana/Promozione/GironeC/Partita/24.6/ag-dicomano-ideal-club-incisa"
"Promozione Toscana - Girone C";"Promozione";"Girone C";24;"24° Giornata";"2027-02-28";"15:00";"Cortona Camucia Calcio";"Cubino";;;"SCHEDULED";"";"";"https://www.tuttocampo.it/Toscana/Promozione/GironeC/Partita/24.5/cortona-camucia-calcio-cubino"
"Promozione Toscana - Girone C";"Promozione";"Girone C";24;"24° Giornata";"2027-02-28";"15:00";"Montagnano 1966";"Centro Storico Lebowski";;;"SCHEDULED";"";"";"https://www.tuttocampo.it/Toscana/Promozione/GironeC/Partita/24.4/montagnano-1966-centro-storico-lebowski"
"Promozione Toscana - Girone C";"Promozione";"Girone C";24;"24° Giornata";"2027-02-28";"15:00";"Resco Reggello";"Alberoro 1977";;;"SCHEDULED";"";"";"https://www.tuttocampo.it/Toscana/Promozione/GironeC/Partita/24.1/resco-reggello-alberoro-1977"
"Promozione Toscana - Girone C";"Promozione";"Girone C";24;"24° Giornata";"2027-02-28";"15:00";"Settignanese";"Audace Galluzzo";;;"SCHEDULED";"";"";"https://www.tuttocampo.it/Toscana/Promozione/GironeC/Partita/24.2/settignanese-audace-galluzzo"
"Promozione Toscana - Girone C";"Promozione";"Girone C";24;"24° Giornata";"2027-02-28";"15:00";"Sinalunghese";"Pontassieve";;;"SCHEDULED";"";"";"https://www.tuttocampo.it/Toscana/Promozione/GironeC/Partita/24.8/sinalunghese-pontassieve"
"Promozione Toscana - Girone C";"Promozione";"Girone C";25;"25° Giornata";"2027-03-07";"15:00";"Alberoro 1977";"Cortona Camucia Calcio";;;"SCHEDULED";"";"";"https://www.tuttocampo.it/Toscana/Promozione/GironeC/Partita/25.5/alberoro-1977-cortona-camucia-calcio"
"Promozione Toscana - Girone C";"Promozione";"Girone C";25;"25° Giornata";"2027-03-07";"15:00";"Audace Galluzzo";"Acquaviva";;;"SCHEDULED";"";"";"https://www.tuttocampo.it/Toscana/Promozione/GironeC/Partita/25.1/audace-galluzzo-acquaviva"
"Promozione Toscana - Girone C";"Promozione";"Girone C";25;"25° Giornata";"2027-03-07";"15:00";"Centro Storico Lebowski";"AG Dicomano";;;"SCHEDULED";"";"";"https://www.tuttocampo.it/Toscana/Promozione/GironeC/Partita/25.3/centro-storico-lebowski-ag-dicomano"
"Promozione Toscana - Girone C";"Promozione";"Girone C";25;"25° Giornata";"2027-03-07";"15:00";"Cubino";"Casentino";;;"SCHEDULED";"";"";"https://www.tuttocampo.it/Toscana/Promozione/GironeC/Partita/25.4/cubino-casentino"
"Promozione Toscana - Girone C";"Promozione";"Girone C";25;"25° Giornata";"2027-03-07";"15:00";"Ideal Club Incisa";"Affrico";;;"SCHEDULED";"";"";"https://www.tuttocampo.it/Toscana/Promozione/GironeC/Partita/25.2/ideal-club-incisa-affrico"
"Promozione Toscana - Girone C";"Promozione";"Girone C";25;"25° Giornata";"2027-03-07";"15:00";"Nuova Foiano";"Montagnano 1966";;;"SCHEDULED";"";"";"https://www.tuttocampo.it/Toscana/Promozione/GironeC/Partita/25.6/nuova-foiano-montagnano-1966"
"Promozione Toscana - Girone C";"Promozione";"Girone C";25;"25° Giornata";"2027-03-07";"15:00";"Pontassieve";"Settignanese";;;"SCHEDULED";"";"";"https://www.tuttocampo.it/Toscana/Promozione/GironeC/Partita/25.8/pontassieve-settignanese"
"Promozione Toscana - Girone C";"Promozione";"Girone C";25;"25° Giornata";"2027-03-07";"15:00";"Sinalunghese";"Resco Reggello";;;"SCHEDULED";"";"";"https://www.tuttocampo.it/Toscana/Promozione/GironeC/Partita/25.7/sinalunghese-resco-reggello"
"Promozione Toscana - Girone C";"Promozione";"Girone C";26;"26° Giornata";"2027-03-14";"15:00";"Acquaviva";"Centro Storico Lebowski";;;"SCHEDULED";"";"";"https://www.tuttocampo.it/Toscana/Promozione/GironeC/Partita/26.3/acquaviva-centro-storico-lebowski"
"Promozione Toscana - Girone C";"Promozione";"Girone C";26;"26° Giornata";"2027-03-14";"15:00";"Affrico";"Sinalunghese";;;"SCHEDULED";"";"";"https://www.tuttocampo.it/Toscana/Promozione/GironeC/Partita/26.8/affrico-sinalunghese"
"Promozione Toscana - Girone C";"Promozione";"Girone C";26;"26° Giornata";"2027-03-14";"15:00";"AG Dicomano";"Cubino";;;"SCHEDULED";"";"";"https://www.tuttocampo.it/Toscana/Promozione/GironeC/Partita/26.4/ag-dicomano-cubino"
"Promozione Toscana - Girone C";"Promozione";"Girone C";26;"26° Giornata";"2027-03-14";"15:00";"Casentino";"Ideal Club Incisa";;;"SCHEDULED";"";"";"https://www.tuttocampo.it/Toscana/Promozione/GironeC/Partita/26.5/casentino-ideal-club-incisa"
"Promozione Toscana - Girone C";"Promozione";"Girone C";26;"26° Giornata";"2027-03-14";"15:00";"Cortona Camucia Calcio";"Audace Galluzzo";;;"SCHEDULED";"";"";"https://www.tuttocampo.it/Toscana/Promozione/GironeC/Partita/26.2/cortona-camucia-calcio-audace-galluzzo"
"Promozione Toscana - Girone C";"Promozione";"Girone C";26;"26° Giornata";"2027-03-14";"15:00";"Montagnano 1966";"Alberoro 1977";;;"SCHEDULED";"";"";"https://www.tuttocampo.it/Toscana/Promozione/GironeC/Partita/26.1/montagnano-1966-alberoro-1977"
"Promozione Toscana - Girone C";"Promozione";"Girone C";26;"26° Giornata";"2027-03-14";"15:00";"Resco Reggello";"Pontassieve";;;"SCHEDULED";"";"";"https://www.tuttocampo.it/Toscana/Promozione/GironeC/Partita/26.7/resco-reggello-pontassieve"
"Promozione Toscana - Girone C";"Promozione";"Girone C";26;"26° Giornata";"2027-03-14";"15:00";"Settignanese";"Nuova Foiano";;;"SCHEDULED";"";"";"https://www.tuttocampo.it/Toscana/Promozione/GironeC/Partita/26.6/settignanese-nuova-foiano"
"Promozione Toscana - Girone C";"Promozione";"Girone C";27;"27° Giornata";"2027-04-04";"15:30";"Affrico";"Settignanese";;;"SCHEDULED";"";"";"https://www.tuttocampo.it/Toscana/Promozione/GironeC/Partita/27.8/affrico-settignanese"
"Promozione Toscana - Girone C";"Promozione";"Girone C";27;"27° Giornata";"2027-04-04";"15:30";"Alberoro 1977";"AG Dicomano";;;"SCHEDULED";"";"";"https://www.tuttocampo.it/Toscana/Promozione/GironeC/Partita/27.2/alberoro-1977-ag-dicomano"
"Promozione Toscana - Girone C";"Promozione";"Girone C";27;"27° Giornata";"2027-04-04";"15:30";"Audace Galluzzo";"Casentino";;;"SCHEDULED";"";"";"https://www.tuttocampo.it/Toscana/Promozione/GironeC/Partita/27.3/audace-galluzzo-casentino"
"Promozione Toscana - Girone C";"Promozione";"Girone C";27;"27° Giornata";"2027-04-04";"15:30";"Centro Storico Lebowski";"Cubino";;;"SCHEDULED";"";"";"https://www.tuttocampo.it/Toscana/Promozione/GironeC/Partita/27.5/centro-storico-lebowski-cubino"
"Promozione Toscana - Girone C";"Promozione";"Girone C";27;"27° Giornata";"2027-04-04";"15:30";"Ideal Club Incisa";"Resco Reggello";;;"SCHEDULED";"";"";"https://www.tuttocampo.it/Toscana/Promozione/GironeC/Partita/27.7/ideal-club-incisa-resco-reggello"
"Promozione Toscana - Girone C";"Promozione";"Girone C";27;"27° Giornata";"2027-04-04";"15:30";"Nuova Foiano";"Acquaviva";;;"SCHEDULED";"";"";"https://www.tuttocampo.it/Toscana/Promozione/GironeC/Partita/27.1/nuova-foiano-acquaviva"
"Promozione Toscana - Girone C";"Promozione";"Girone C";27;"27° Giornata";"2027-04-04";"15:30";"Pontassieve";"Cortona Camucia Calcio";;;"SCHEDULED";"";"";"https://www.tuttocampo.it/Toscana/Promozione/GironeC/Partita/27.4/pontassieve-cortona-camucia-calcio"
"Promozione Toscana - Girone C";"Promozione";"Girone C";27;"27° Giornata";"2027-04-04";"15:30";"Sinalunghese";"Montagnano 1966";;;"SCHEDULED";"";"";"https://www.tuttocampo.it/Toscana/Promozione/GironeC/Partita/27.6/sinalunghese-montagnano-1966"
"Promozione Toscana - Girone C";"Promozione";"Girone C";28;"28° Giornata";"2027-04-11";"15:30";"Acquaviva";"Alberoro 1977";;;"SCHEDULED";"";"";"https://www.tuttocampo.it/Toscana/Promozione/GironeC/Partita/28.2/acquaviva-alberoro-1977"
"Promozione Toscana - Girone C";"Promozione";"Girone C";28;"28° Giornata";"2027-04-11";"15:30";"AG Dicomano";"Audace Galluzzo";;;"SCHEDULED";"";"";"https://www.tuttocampo.it/Toscana/Promozione/GironeC/Partita/28.3/ag-dicomano-audace-galluzzo"
"Promozione Toscana - Girone C";"Promozione";"Girone C";28;"28° Giornata";"2027-04-11";"15:30";"Casentino";"Centro Storico Lebowski";;;"SCHEDULED";"";"";"https://www.tuttocampo.it/Toscana/Promozione/GironeC/Partita/28.4/casentino-centro-storico-lebowski"
"Promozione Toscana - Girone C";"Promozione";"Girone C";28;"28° Giornata";"2027-04-11";"15:30";"Cortona Camucia Calcio";"Nuova Foiano";;;"SCHEDULED";"";"";"https://www.tuttocampo.it/Toscana/Promozione/GironeC/Partita/28.6/cortona-camucia-calcio-nuova-foiano"
"Promozione Toscana - Girone C";"Promozione";"Girone C";28;"28° Giornata";"2027-04-11";"15:30";"Cubino";"Ideal Club Incisa";;;"SCHEDULED";"";"";"https://www.tuttocampo.it/Toscana/Promozione/GironeC/Partita/28.5/cubino-ideal-club-incisa"
"Promozione Toscana - Girone C";"Promozione";"Girone C";28;"28° Giornata";"2027-04-11";"15:30";"Montagnano 1966";"Pontassieve";;;"SCHEDULED";"";"";"https://www.tuttocampo.it/Toscana/Promozione/GironeC/Partita/28.7/montagnano-1966-pontassieve"
"Promozione Toscana - Girone C";"Promozione";"Girone C";28;"28° Giornata";"2027-04-11";"15:30";"Resco Reggello";"Affrico";;;"SCHEDULED";"";"";"https://www.tuttocampo.it/Toscana/Promozione/GironeC/Partita/28.1/resco-reggello-affrico"
"Promozione Toscana - Girone C";"Promozione";"Girone C";28;"28° Giornata";"2027-04-11";"15:30";"Settignanese";"Sinalunghese";;;"SCHEDULED";"";"";"https://www.tuttocampo.it/Toscana/Promozione/GironeC/Partita/28.8/settignanese-sinalunghese"
"Promozione Toscana - Girone C";"Promozione";"Girone C";29;"29° Giornata";"2027-04-18";"16:00";"Affrico";"Cortona Camucia Calcio";;;"SCHEDULED";"";"";"https://www.tuttocampo.it/Toscana/Promozione/GironeC/Partita/29.5/affrico-cortona-camucia-calcio"
"Promozione Toscana - Girone C";"Promozione";"Girone C";29;"29° Giornata";"2027-04-18";"16:00";"Alberoro 1977";"Cubino";;;"SCHEDULED";"";"";"https://www.tuttocampo.it/Toscana/Promozione/GironeC/Partita/29.6/alberoro-1977-cubino"
"Promozione Toscana - Girone C";"Promozione";"Girone C";29;"29° Giornata";"2027-04-18";"16:00";"Audace Galluzzo";"Centro Storico Lebowski";;;"SCHEDULED";"";"";"https://www.tuttocampo.it/Toscana/Promozione/GironeC/Partita/29.4/audace-galluzzo-centro-storico-lebowski"
"Promozione Toscana - Girone C";"Promozione";"Girone C";29;"29° Giornata";"2027-04-18";"16:00";"Ideal Club Incisa";"Settignanese";;;"SCHEDULED";"";"";"https://www.tuttocampo.it/Toscana/Promozione/GironeC/Partita/29.8/ideal-club-incisa-settignanese"
"Promozione Toscana - Girone C";"Promozione";"Girone C";29;"29° Giornata";"2027-04-18";"16:00";"Nuova Foiano";"Casentino";;;"SCHEDULED";"";"";"https://www.tuttocampo.it/Toscana/Promozione/GironeC/Partita/29.3/nuova-foiano-casentino"
"Promozione Toscana - Girone C";"Promozione";"Girone C";29;"29° Giornata";"2027-04-18";"16:00";"Pontassieve";"AG Dicomano";;;"SCHEDULED";"";"";"https://www.tuttocampo.it/Toscana/Promozione/GironeC/Partita/29.2/pontassieve-ag-dicomano"
"Promozione Toscana - Girone C";"Promozione";"Girone C";29;"29° Giornata";"2027-04-18";"16:00";"Resco Reggello";"Montagnano 1966";;;"SCHEDULED";"";"";"https://www.tuttocampo.it/Toscana/Promozione/GironeC/Partita/29.7/resco-reggello-montagnano-1966"
"Promozione Toscana - Girone C";"Promozione";"Girone C";29;"29° Giornata";"2027-04-18";"16:00";"Sinalunghese";"Acquaviva";;;"SCHEDULED";"";"";"https://www.tuttocampo.it/Toscana/Promozione/GironeC/Partita/29.1/sinalunghese-acquaviva"
"Promozione Toscana - Girone C";"Promozione";"Girone C";30;"30° Giornata";"2027-04-25";"16:00";"Acquaviva";"Pontassieve";;;"SCHEDULED";"";"";"https://www.tuttocampo.it/Toscana/Promozione/GironeC/Partita/30.6/acquaviva-pontassieve"
"Promozione Toscana - Girone C";"Promozione";"Girone C";30;"30° Giornata";"2027-04-25";"16:00";"AG Dicomano";"Nuova Foiano";;;"SCHEDULED";"";"";"https://www.tuttocampo.it/Toscana/Promozione/GironeC/Partita/30.5/ag-dicomano-nuova-foiano"
"Promozione Toscana - Girone C";"Promozione";"Girone C";30;"30° Giornata";"2027-04-25";"16:00";"Casentino";"Alberoro 1977";;;"SCHEDULED";"";"";"https://www.tuttocampo.it/Toscana/Promozione/GironeC/Partita/30.2/casentino-alberoro-1977"
"Promozione Toscana - Girone C";"Promozione";"Girone C";30;"30° Giornata";"2027-04-25";"16:00";"Centro Storico Lebowski";"Ideal Club Incisa";;;"SCHEDULED";"";"";"https://www.tuttocampo.it/Toscana/Promozione/GironeC/Partita/30.4/centro-storico-lebowski-ideal-club-incisa"
"Promozione Toscana - Girone C";"Promozione";"Girone C";30;"30° Giornata";"2027-04-25";"16:00";"Cortona Camucia Calcio";"Sinalunghese";;;"SCHEDULED";"";"";"https://www.tuttocampo.it/Toscana/Promozione/GironeC/Partita/30.8/cortona-camucia-calcio-sinalunghese"
"Promozione Toscana - Girone C";"Promozione";"Girone C";30;"30° Giornata";"2027-04-25";"16:00";"Cubino";"Audace Galluzzo";;;"SCHEDULED";"";"";"https://www.tuttocampo.it/Toscana/Promozione/GironeC/Partita/30.3/cubino-audace-galluzzo"
"Promozione Toscana - Girone C";"Promozione";"Girone C";30;"30° Giornata";"2027-04-25";"16:00";"Montagnano 1966";"Affrico";;;"SCHEDULED";"";"";"https://www.tuttocampo.it/Toscana/Promozione/GironeC/Partita/30.1/montagnano-1966-affrico"
"Promozione Toscana - Girone C";"Promozione";"Girone C";30;"30° Giornata";"2027-04-25";"16:00";"Settignanese";"Resco Reggello";;;"SCHEDULED";"";"";"https://www.tuttocampo.it/Toscana/Promozione/GironeC/Partita/30.7/settignanese-resco-reggello"